DROP
DATABASE IF EXISTS db_progetto;
CREATE
DATABASE IF NOT EXISTS db_progetto;

USE
db_progetto;

CREATE TABLE Utente
(
    id                 BIGINT UNSIGNED AUTO_INCREMENT PRIMARY KEY,
    email              VARCHAR(255) NOT NULL UNIQUE,
    passwordHash       VARCHAR(64)  NOT NULL,
    isAdmin            BOOLEAN      NOT NULL DEFAULT FALSE,
    nome               VARCHAR(255) NOT NULL,
    cognome            VARCHAR(255) NOT NULL,
    telefono           VARCHAR(13)  NOT NULL,
    data_di_nascita    DATE         NOT NULL,
    data_registrazione DATE         NOT NULL
);

CREATE TABLE Categoria
(
    id   BIGINT UNSIGNED AUTO_INCREMENT PRIMARY KEY,
    nome VARCHAR(100) UNIQUE NOT NULL
);

CREATE TABLE Prodotto
(
    id          BIGINT UNSIGNED AUTO_INCREMENT PRIMARY KEY,
    nome        VARCHAR(255)   NOT NULL,
    descrizione TEXT,
    brand       VARCHAR(100)   NOT NULL,
    costo       DECIMAL(10, 2) NOT NULL,
    colore      VARCHAR(50),
    genere      ENUM ('Uomo','Donna','Unisex') NOT NULL DEFAULT 'Unisex'
);

CREATE TABLE Prodotto_Taglia
(
    prodotto_id BIGINT UNSIGNED,
    taglia      INT NOT NULL,
    quantita    INT NOT NULL CHECK (quantita >= 0),
    PRIMARY KEY (prodotto_id, taglia),
    FOREIGN KEY (prodotto_id) REFERENCES Prodotto (id) ON DELETE CASCADE
);

CREATE TABLE Immagine_Prodotto
(
    prodotto_id BIGINT UNSIGNED PRIMARY KEY,
    imgPath     VARCHAR(255) NOT NULL,
    FOREIGN KEY (prodotto_id) REFERENCES Prodotto (id) ON DELETE CASCADE
);

CREATE TABLE Prodotto_Categoria
(
    prodotto_id  BIGINT UNSIGNED,
    categoria_id BIGINT UNSIGNED,
    PRIMARY KEY (prodotto_id, categoria_id),
    FOREIGN KEY (prodotto_id) REFERENCES Prodotto (id) ON DELETE CASCADE,
    FOREIGN KEY (categoria_id) REFERENCES Categoria (id) ON DELETE CASCADE
);

CREATE TABLE IndirizzoSpedizione
(
    id           BIGINT UNSIGNED AUTO_INCREMENT PRIMARY KEY,
    utente_id    BIGINT UNSIGNED NOT NULL,
    destinatario VARCHAR(255) NOT NULL,
    via          VARCHAR(255) NOT NULL,
    citta        VARCHAR(100) NOT NULL,
    provincia    VARCHAR(100) NOT NULL,
    cap          VARCHAR(10)  NOT NULL,
    paese        VARCHAR(100) NOT NULL,
    FOREIGN KEY (utente_id) REFERENCES Utente (id) ON DELETE CASCADE
);

CREATE TABLE Ordine
(
    id                      BIGINT UNSIGNED                                                NOT NULL AUTO_INCREMENT PRIMARY KEY,
    utente_id               BIGINT UNSIGNED                                                NOT NULL,
    indirizzo_spedizione_id BIGINT UNSIGNED                                                NOT NULL,
    data_ordine             DATE NOT NULL,
    stato_ordine            ENUM ('IN_ELABORAZIONE', 'SPEDITO', 'CONSEGNATO', 'ANNULLATO') NOT NULL DEFAULT 'IN_ELABORAZIONE',
    data_consegna           DATE,
    FOREIGN KEY (utente_id) REFERENCES Utente (id) ON DELETE CASCADE,
    FOREIGN KEY (indirizzo_spedizione_id) REFERENCES IndirizzoSpedizione (id)
);

CREATE TABLE Dettaglio_Ordine
(
    ordine_id   BIGINT UNSIGNED,
    prodotto_id BIGINT UNSIGNED,
    taglia      INT            NOT NULL,
    quantita    INT            NOT NULL CHECK (quantita > 0),
    costo       DECIMAL(10, 2) NOT NULL,
    PRIMARY KEY (ordine_id, prodotto_id, taglia),
    FOREIGN KEY (ordine_id) REFERENCES Ordine (id) ON DELETE CASCADE,
    FOREIGN KEY (prodotto_id) REFERENCES Prodotto (id) ON DELETE CASCADE
);

CREATE TABLE MetodoPagamento
(
    id           BIGINT UNSIGNED AUTO_INCREMENT PRIMARY KEY,
    utente_id    BIGINT UNSIGNED NOT NULL UNIQUE,
    nome_carta   VARCHAR(255) NOT NULL,
    numero_carta VARCHAR(16)  NOT NULL,
    scadenza     VARCHAR(5)   NOT NULL,
    FOREIGN KEY (utente_id) REFERENCES Utente (id) ON DELETE CASCADE
);

CREATE TABLE Wishlist
(
    utente_id   BIGINT UNSIGNED,
    prodotto_id BIGINT UNSIGNED,
    PRIMARY KEY (utente_id, prodotto_id),
    FOREIGN KEY (utente_id) REFERENCES Utente (id) ON DELETE CASCADE,
    FOREIGN KEY (prodotto_id) REFERENCES Prodotto (id) ON DELETE CASCADE
);

CREATE TABLE Recensione
(
    id              BIGINT UNSIGNED AUTO_INCREMENT PRIMARY KEY,
    utente_id       BIGINT UNSIGNED,
    prodotto_id     BIGINT UNSIGNED,
    titolo          VARCHAR(255) NOT NULL,
    valutazione     INT          NOT NULL CHECK (valutazione BETWEEN 1 AND 5),
    commento        TEXT,
    data_recensione DATE         NOT NULL,
    UNIQUE (utente_id, prodotto_id),
    FOREIGN KEY (utente_id) REFERENCES Utente (id) ON DELETE CASCADE,
    FOREIGN KEY (prodotto_id) REFERENCES Prodotto (id) ON DELETE CASCADE
);

INSERT INTO Utente (id, email, passwordHash, isAdmin, nome, cognome, telefono, data_di_nascita, data_registrazione)
VALUES (1, 'admin@sneakerzone.it', SHA2('admin', 256), TRUE, 'Mario', 'Branca', '+393201111111', '2002-06-15',
        '2025-09-01'),
       (2, 'luca.rossi@mail.it', SHA2('password', 256), FALSE, 'Luca', 'Rossi', '+393201111112', '2000-02-10',
        '2025-10-05'),
       (3, 'giulia.bianchi@mail.it', SHA2('password', 256), FALSE, 'Giulia', 'Bianchi', '+393201111113', '2001-11-22',
        '2025-10-12'),
       (4, 'marco.verdi@mail.it', SHA2('password', 256), FALSE, 'Marco', 'Verdi', '+393201111114', '1999-07-03',
        '2025-10-18'),
       (5, 'sara.neri@mail.it', SHA2('password', 256), FALSE, 'Sara', 'Neri', '+393201111115', '2003-01-09',
        '2025-11-02'),
       (6, 'antonio.gallo@mail.it', SHA2('password', 256), FALSE, 'Antonio', 'Gallo', '+393201111116', '1998-04-27',
        '2025-11-11'),
       (7, 'francesca.russo@mail.it', SHA2('password', 256), FALSE, 'Francesca', 'Russo', '+393201111117', '2002-09-30',
        '2025-11-20'),
       (8, 'davide.conti@mail.it', SHA2('password', 256), FALSE, 'Davide', 'Conti', '+393201111118', '2001-03-14',
        '2025-12-01'),
       (9, 'elena.ferri@mail.it', SHA2('password', 256), FALSE, 'Elena', 'Ferri', '+393201111119', '1997-12-05',
        '2025-12-08'),
       (10, 'paolo.greco@mail.it', SHA2('password', 256), FALSE, 'Paolo', 'Greco', '+393201111120', '2000-08-19',
        '2025-12-20'),
       (11, 'valentina.marino@mail.it', SHA2('password', 256), FALSE, 'Valentina', 'Marino', '+393201111121',
        '2001-05-17', '2025-09-15'),
       (12, 'stefano.ricci@mail.it', SHA2('password', 256), FALSE, 'Stefano', 'Ricci', '+393201111122', '1999-11-03',
        '2025-09-22'),
       (13, 'alessia.lombardi@mail.it', SHA2('password', 256), FALSE, 'Alessia', 'Lombardi', '+393201111123',
        '2003-03-28', '2025-10-01'),
       (14, 'roberto.esposito@mail.it', SHA2('password', 256), FALSE, 'Roberto', 'Esposito', '+393201111124',
        '1998-08-12', '2025-10-09'),
       (15, 'chiara.martini@mail.it', SHA2('password', 256), FALSE, 'Chiara', 'Martini', '+393201111125', '2002-12-20',
        '2025-10-25'),
       (16, 'filippo.colombo@mail.it', SHA2('password', 256), FALSE, 'Filippo', 'Colombo', '+393201111126',
        '2000-06-08', '2025-11-05'),
       (17, 'jessica.rizzo@mail.it', SHA2('password', 256), FALSE, 'Jessica', 'Rizzo', '+393201111127', '2001-09-14',
        '2025-11-18'),
       (18, 'matteo.caruso@mail.it', SHA2('password', 256), FALSE, 'Matteo', 'Caruso', '+393201111128', '1997-04-02',
        '2025-12-03'),
       (19, 'federica.mancini@mail.it', SHA2('password', 256), FALSE, 'Federica', 'Mancini', '+393201111129',
        '2004-01-25', '2025-12-10'),
       (20, 'giovanni.villa@mail.it', SHA2('password', 256), FALSE, 'Giovanni', 'Villa', '+393201111130', '1999-07-30',
        '2025-12-22');

INSERT INTO Categoria (id, nome)
VALUES (1, 'Running'),
       (2, 'Basket'),
       (3, 'Skate'),
       (4, 'Lifestyle'),
       (5, 'Trail');

INSERT INTO Prodotto (id, nome, descrizione, brand, costo, colore, genere)
VALUES (1, 'Nike Pegasus Trail 5',
        'Scarpa da running trail versatile con ammortizzazione reattiva, ideale per percorsi misti su asfalto e sterrato.',
        'Nike', 139.99, 'Blu/Rosa', 'Uomo'),
       (2, 'ASICS GEL-1130',
        'Modello retro ispirato al running anni 2000, con tecnologia GEL e silhouette chunky molto richiesta.',
        'ASICS', 109.99, 'Argento', 'Donna'),
       (3, 'Jordan Air 1 Low',
        'Versione low-top dell''iconica Air Jordan 1, con tomaia in pelle e ammortizzazione Air per massimo comfort.',
        'Jordan', 129.99, 'Nero/Marrone', 'Uomo'),
       (4, 'Nike Dunk Low',
        'Basket heritage low-top, tra i modelli più iconici del catalogo Nike con un design senza tempo.',
        'Nike', 119.99, 'Bianco/Nero', 'Donna'),
       (5, 'Vans Old Skool',
        'Skate classica con sidestripe, sempre disponibile in molte varianti.',
        'Vans', 80.00, 'Nero/Bianco', 'Unisex'),
       (6, 'Vans Knu Skool',
        'Skate chunky molto popolare, con silhouette ampia e look anni 90.',
        'Vans', 95.00, 'Nero/Bianco', 'Unisex'),
       (7, 'Nike Air Force 1 ''07',
        'Icona del lifestyle in pelle piena, tra i modelli più venduti al mondo grazie al design pulito e versatile.',
        'Nike', 119.99, 'Bianco', 'Unisex'),
       (8, 'adidas Originals Samba OG',
        'Classico lifestyle adidas a profilo basso, molto richiesto.',
        'Adidas', 119.99, 'Bianco/Nero', 'Unisex'),
       (9, 'adidas Originals Gazelle',
        'Sneaker lifestyle in suede dal design storico, con silhouette sottile e suola a tre strisce caratteristica degli anni ''70.',
        'Adidas', 109.99, 'Blu/Marrone', 'Donna'),
       (10, 'HOKA Clifton 9 GORE-TEX',
        'Running shoe con tomaia impermeabile GORE-TEX, ammortizzazione massimalista e costruzione leggera, adatta a uso urbano e outdoor.',
        'HOKA', 169.99, 'Blu/Nero', 'Uomo'),
       (11, 'Nike Air Max 90',
        'Icona del running anni ''90 con ammortizzazione Air visibile nel tallone, tomaia in tessuto e pelle sintetica dal design inconfondibile.',
        'Nike', 149.99, 'Bianco/Rosa', 'Donna'),
       (12, 'Nike Air Max 95',
        'Sneaker con design ondulato ispirato all''anatomia umana, doppia unità Air visibile e tomaia in mesh con sovrapposizioni in pelle.',
        'Nike', 184.99, 'Grigio/Nero', 'Uomo'),
       (13, 'New Balance 740',
        'Silhouette retro-running anni 2000 rivisitata per il lifestyle quotidiano, con tomaia in maglia e ammortizzazione ABZORB.',
        'New Balance', 120.00, 'Crema', 'Donna'),
       (14, 'New Balance 530',
        'Runner retro con tecnologia ABZORB e design chunky anni 2000, tomaia in mesh e materiale sintetico.',
        'New Balance', 109.99, 'Bianco', 'Donna'),
       (15, 'Jordan Air 1 Mid',
        'Versione mid-top della leggendaria Air Jordan 1, con tomaia in pelle, collare imbottito e unità Air-Sole nel tallone.',
        'Jordan', 134.99, 'Blu', 'Uomo'),
       (16, 'adidas Originals Campus 00s',
        'Riedizione contemporanea della Campus con tomaia in suede, suola in gomma spessa e lacci oversize dal look chunky.',
        'Adidas', 109.99, 'Nero', 'Uomo'),
       (17, 'adidas Originals Superstar II',
        'Evoluzione della Superstar classica con shell toe in gomma e tomaia in pelle piena, simbolo della cultura streetwear.',
        'Adidas', 109.99, 'Bianco', 'Unisex'),
       (18, 'Puma Speedcat X',
        'Sneaker bassa ispirata al motorsport con tomaia in suede e inserto in tessuto Woven, suola sottile in gomma.',
        'Puma', 99.99, 'Grigio', 'Uomo'),
       (19, 'Reebok Club C',
        'Tennis classica in pelle dal design minimale e pulito, perfetta per outfit casual quotidiani.',
        'Reebok', 89.99, 'Bianco', 'Unisex'),
       (20, 'New Balance 9060',
        'Silhouette futuristica con ammortizzazione ABZORB e SBS, design stratificato ispirato alla linea 99X.',
        'New Balance', 190.00, 'Grigio', 'Donna');

INSERT INTO Prodotto_Taglia (prodotto_id, taglia, quantita)
VALUES (1, 40, 8),
       (1, 41, 10),
       (1, 42, 12),
       (1, 43, 9),
       (1, 44, 6),
       (2, 36, 6),
       (2, 37, 8),
       (2, 38, 10),
       (2, 39, 8),
       (2, 40, 7),
       (2, 41, 4),
       (3, 40, 5),
       (3, 41, 6),
       (3, 42, 8),
       (3, 43, 6),
       (3, 44, 4),
       (4, 36, 5),
       (4, 37, 7),
       (4, 38, 8),
       (4, 39, 6),
       (4, 40, 5),
       (4, 41, 3),
       (5, 39, 6),
       (5, 40, 7),
       (5, 41, 8),
       (5, 42, 7),
       (5, 43, 5),
       (6, 39, 8),
       (6, 40, 10),
       (6, 41, 10),
       (6, 42, 9),
       (6, 43, 6),
       (7, 40, 8),
       (7, 41, 10),
       (7, 42, 10),
       (7, 43, 8),
       (7, 44, 5),
       (8, 40, 10),
       (8, 41, 12),
       (8, 42, 14),
       (8, 43, 9),
       (8, 44, 6),
       (9, 36, 7),
       (9, 37, 9),
       (9, 38, 12),
       (9, 39, 10),
       (9, 40, 8),
       (9, 41, 5),
       (10, 40, 10),
       (10, 41, 12),
       (10, 42, 13),
       (10, 43, 9),
       (10, 44, 6),
       (11, 36, 6),
       (11, 37, 8),
       (11, 38, 10),
       (11, 39, 9),
       (11, 40, 7),
       (11, 41, 4),
       (12, 40, 7),
       (12, 41, 9),
       (12, 42, 11),
       (12, 43, 8),
       (12, 44, 5),
       (12, 45, 3),
       (13, 36, 5),
       (13, 37, 7),
       (13, 38, 10),
       (13, 39, 9),
       (13, 40, 7),
       (13, 41, 4),
       (14, 36, 6),
       (14, 37, 8),
       (14, 38, 10),
       (14, 39, 9),
       (14, 40, 7),
       (14, 41, 4),
       (15, 40, 5),
       (15, 41, 7),
       (15, 42, 9),
       (15, 43, 7),
       (15, 44, 4),
       (15, 45, 2),
       (16, 40, 8),
       (16, 41, 10),
       (16, 42, 12),
       (16, 43, 9),
       (16, 44, 6),
       (16, 45, 3),
       (17, 38, 8),
       (17, 39, 10),
       (17, 40, 12),
       (17, 41, 11),
       (17, 42, 8),
       (17, 43, 5),
       (18, 40, 7),
       (18, 41, 9),
       (18, 42, 11),
       (18, 43, 8),
       (18, 44, 5),
       (18, 45, 2),
       (19, 38, 7),
       (19, 39, 9),
       (19, 40, 11),
       (19, 41, 10),
       (19, 42, 7),
       (19, 43, 4),
       (20, 36, 5),
       (20, 37, 7),
       (20, 38, 9),
       (20, 39, 8),
       (20, 40, 6),
       (20, 41, 3);

INSERT INTO Immagine_Prodotto (prodotto_id, imgPath)
VALUES (1, '/images/prodotti/1_1.webp'),
       (2, '/images/prodotti/2_1.webp'),
       (3, '/images/prodotti/3_1.webp'),
       (4, '/images/prodotti/4_1.webp'),
       (5, '/images/prodotti/5_1.webp'),
       (6, '/images/prodotti/6_1.webp'),
       (7, '/images/prodotti/7_1.webp'),
       (8, '/images/prodotti/8_1.webp'),
       (9, '/images/prodotti/9_1.webp'),
       (10, '/images/prodotti/10_1.webp'),
       (11, '/images/prodotti/11_1.webp'),
       (12, '/images/prodotti/12_1.webp'),
       (13, '/images/prodotti/13_1.webp'),
       (14, '/images/prodotti/14_1.webp'),
       (15, '/images/prodotti/15_1.webp'),
       (16, '/images/prodotti/16_1.webp'),
       (17, '/images/prodotti/17_1.webp'),
       (18, '/images/prodotti/18_1.webp'),
       (19, '/images/prodotti/19_1.webp'),
       (20, '/images/prodotti/20_1.webp');

INSERT INTO Prodotto_Categoria (prodotto_id, categoria_id)
VALUES (1, 1),
       (1, 5),
       (2, 1),
       (2, 4),
       (3, 2),
       (4, 2),
       (5, 3),
       (6, 3),
       (7, 4),
       (8, 4),
       (9, 4),
       (10, 1),
       (10, 5),
       (11, 1),
       (11, 4),
       (12, 1),
       (12, 4),
       (13, 4),
       (14, 1),
       (14, 4),
       (15, 2),
       (16, 4),
       (17, 4),
       (18, 4),
       (19, 4),
       (20, 4);

INSERT INTO IndirizzoSpedizione (id, utente_id, destinatario, via, citta, provincia, cap, paese)
VALUES (1, 2, 'Luca Rossi', 'Via Roma 10', 'Salerno', 'SA', '84121', 'Italia'),
       (2, 3, 'Giulia Bianchi', 'Corso Vittorio 22', 'Napoli', 'NA', '80121', 'Italia'),
       (3, 4, 'Marco Verdi', 'Via Garibaldi 5', 'Avellino', 'AV', '83100', 'Italia'),
       (4, 5, 'Sara Neri', 'Via Milano 18', 'Caserta', 'CE', '81100', 'Italia'),
       (5, 6, 'Antonio Gallo', 'Via Firenze 7', 'Benevento', 'BN', '82100', 'Italia'),
       (6, 7, 'Francesca Russo', 'Via Napoli 33', 'Salerno', 'SA', '84122', 'Italia'),
       (7, 8, 'Davide Conti', 'Via Torino 2', 'Roma', 'RM', '00100', 'Italia'),
       (8, 9, 'Elena Ferri', 'Via Venezia 44', 'Milano', 'MI', '20100', 'Italia'),
       (9, 10, 'Paolo Greco', 'Via Bologna 9', 'Bologna', 'BO', '40100', 'Italia'),
       (10, 2, 'Luca Rossi (uff.)', 'Viale Europa 100', 'Salerno', 'SA', '84129', 'Italia'),
       (11, 11, 'Valentina Marino', 'Via Mazzini 15', 'Torino', 'TO', '10100', 'Italia'),
       (12, 12, 'Stefano Ricci', 'Via Dante 8', 'Firenze', 'FI', '50100', 'Italia'),
       (13, 13, 'Alessia Lombardi', 'Corso Italia 44', 'Genova', 'GE', '16100', 'Italia'),
       (14, 14, 'Roberto Esposito', 'Via Cavour 3', 'Napoli', 'NA', '80139', 'Italia'),
       (15, 15, 'Chiara Martini', 'Via XX Settembre 27', 'Bari', 'BA', '70100', 'Italia'),
       (16, 16, 'Filippo Colombo', 'Via Garibaldi 12', 'Verona', 'VR', '37100', 'Italia'),
       (17, 17, 'Jessica Rizzo', 'Via Nazionale 5', 'Palermo', 'PA', '90100', 'Italia'),
       (18, 18, 'Matteo Caruso', 'Corso Umberto 30', 'Catania', 'CT', '95100', 'Italia'),
       (19, 19, 'Federica Mancini', 'Via Roma 55', 'Padova', 'PD', '35100', 'Italia'),
       (20, 20, 'Giovanni Villa', 'Via Indipendenza 19', 'Venezia', 'VE', '30100', 'Italia');

INSERT INTO Ordine (id, utente_id, indirizzo_spedizione_id, data_ordine, stato_ordine, data_consegna)
VALUES (1, 2, 1, '2026-01-05', 'CONSEGNATO', '2026-01-10'),
       (2, 3, 2, '2026-01-08', 'SPEDITO', NULL),
       (3, 4, 3, '2026-01-12', 'IN_ELABORAZIONE', NULL),
       (4, 5, 4, '2026-01-15', 'CONSEGNATO', '2026-01-21'),
       (5, 6, 5, '2026-01-20', 'CONSEGNATO', '2026-01-26'),
       (6, 7, 6, '2026-01-22', 'SPEDITO', NULL),
       (7, 8, 7, '2026-01-25', 'CONSEGNATO', '2026-02-01'),
       (8, 9, 8, '2026-01-28', 'IN_ELABORAZIONE', NULL),
       (9, 10, 9, '2026-02-02', 'SPEDITO', NULL),
       (10, 2, 10, '2026-02-05', 'IN_ELABORAZIONE', NULL),
       (11, 11, 11, '2026-02-10', 'CONSEGNATO', '2026-02-16'),
       (12, 12, 12, '2026-02-12', 'SPEDITO', NULL),
       (13, 13, 13, '2026-02-14', 'IN_ELABORAZIONE', NULL),
       (14, 14, 14, '2026-02-16', 'CONSEGNATO', '2026-02-22'),
       (15, 15, 15, '2026-02-18', 'ANNULLATO', NULL),
       (16, 16, 16, '2026-02-20', 'SPEDITO', NULL),
       (17, 17, 17, '2026-02-22', 'IN_ELABORAZIONE', NULL),
       (18, 18, 18, '2026-02-24', 'CONSEGNATO', '2026-03-02'),
       (19, 19, 19, '2026-02-26', 'SPEDITO', NULL),
       (20, 20, 20, '2026-02-28', 'IN_ELABORAZIONE', NULL);

INSERT INTO Dettaglio_Ordine (ordine_id, prodotto_id, taglia, quantita, costo)
VALUES (1, 8, 42, 1, 119.99),
       (1, 7, 42, 1, 119.99),
       (2, 1, 42, 1, 139.99),
       (3, 6, 41, 2, 80.00),
       (4, 9, 40, 1, 159.99),
       (5, 3, 42, 1, 199.99),
       (6, 2, 40, 1, 179.99),
       (7, 5, 41, 1, 119.99),
       (8, 10, 42, 1, 109.99),
       (9, 4, 41, 1, 159.99),
       (10, 7, 42, 1, 119.99),
       (11, 11, 40, 1, 149.99),
       (12, 12, 42, 1, 184.99),
       (13, 13, 41, 1, 120.00),
       (14, 14, 37, 1, 109.99),
       (15, 15, 42, 1, 134.99),
       (16, 16, 42, 1, 109.99),
       (17, 17, 42, 1, 109.99),
       (18, 18, 42, 1, 99.99),
       (19, 19, 41, 1, 89.99),
       (20, 20, 38, 1, 190.00);

INSERT INTO MetodoPagamento (id, utente_id, nome_carta, numero_carta, scadenza)
VALUES (1, 2, 'Luca Rossi', '4532015112830366', '09/27'),
       (2, 3, 'Giulia Bianchi', '4916338506082832', '11/26'),
       (3, 4, 'Marco Verdi', '5425233430109903', '03/28'),
       (4, 5, 'Sara Neri', '2221002067925717', '07/27'),
       (5, 6, 'Antonio Gallo', '4716160449186112', '12/26'),
       (6, 7, 'Francesca Russo', '5100290026398016', '05/28'),
       (7, 8, 'Davide Conti', '4929420573494931', '08/27'),
       (8, 9, 'Elena Ferri', '6011111111111117', '10/26'),
       (9, 10, 'Paolo Greco', '3714496353984312', '06/28'),
       (10, 11, 'Valentina Marino', '4556364607935616', '04/27');

INSERT INTO Wishlist (utente_id, prodotto_id)
VALUES (2, 8),
       (2, 1),
       (3, 7),
       (3, 5),
       (4, 6),
       (5, 9),
       (6, 3),
       (7, 2),
       (8, 1),
       (10, 10),
       (11, 12),
       (11, 17),
       (12, 11),
       (13, 16),
       (14, 13),
       (15, 14),
       (16, 15),
       (17, 20),
       (18, 19),
       (19, 11);

INSERT INTO Recensione (id, utente_id, prodotto_id, titolo, valutazione, commento, data_recensione)
VALUES (1, 2, 8, 'Classiche intramontabili', 5, 'Look sempre attuale e molto versatili.', '2026-01-12'),
       (2, 3, 7, 'Stile pazzesco', 5, 'Si abbinano a tutto, qualità ottima.', '2026-01-14'),
       (3, 4, 6, 'Perfette per lo skate', 4, 'Resistenti e con ottimo grip, molto soddisfatto.', '2026-01-18'),
       (4, 5, 9, 'Icona senza tempo', 5, 'Comodissime e si abbinano a qualsiasi outfit.', '2026-01-23'),
       (5, 6, 9, 'Sempre attuali', 5, 'Comfort e stile, si abbinano a tutto.', '2026-01-27'),
       (6, 7, 3, 'Basket premium', 4, 'Ottimo supporto, un po'' rigide all''inizio.', '2026-01-29'),
       (7, 8, 2, 'Comfort elevato', 4, 'Molto comode per camminare tanto.', '2026-02-02'),
       (8, 9, 5, 'Solide e affidabili', 4, 'Buon grip e costruzione robusta.', '2026-02-04'),
       (9, 10, 10, 'Impermeabili e comode', 5,
        'Ottima protezione dall''acqua e ammortizzazione eccellente, ideali per i giorni di pioggia.', '2026-02-06'),
       (10, 2, 4, 'Stabili e reattive', 4, 'Ottima stabilità laterale, scarpa molto valida.', '2026-02-08'),
       (11, 11, 11, 'Un classico immortale', 5,
        'Le Air Max 90 non deludono mai, qualità eccellente e look senza tempo.', '2026-02-18'),
       (12, 12, 12, 'Futuristiche e comodissime', 5,
        'Le Air Max 95 sono uniche, ammortizzazione ottima e design che fa girare la testa.', '2026-02-20'),
       (13, 13, 13, 'Versatili e ben costruite', 4, 'Le NB 740 si abbinano a tutto, ottimo rapporto qualità-prezzo.',
        '2026-02-22'),
       (14, 14, 14, 'Retro chic perfette', 4, 'Comode fin da subito, il design retrò è fantastico.', '2026-02-25'),
       (15, 15, 16, 'Trendy e comode', 5, 'Le Campus 00s sono il modello del momento, li adoro.', '2026-02-26'),
       (16, 16, 17, 'Classiche che non muoiono mai', 5, 'Le Superstar sono un must-have, qualità della pelle ottima.',
        '2026-02-27'),
       (17, 17, 18, 'Profilo basso da amare', 4, 'Le Speedcat sono originali e comode, perfette per il quotidiano.',
        '2026-02-28'),
       (18, 18, 19, 'Semplici e indispensabili', 4, 'Le Club C sono la scarpa perfetta per tutti i giorni.',
        '2026-03-04'),
       (19, 19, 20, 'Chunky di tendenza', 5, 'Le NB 9060 sono bellissime, suola enorme e materiali top.', '2026-03-05'),
       (20, 20, 15, 'Jordan sempre regali', 5, 'Le Jordan Air 1 Mid sono iconiche, supporto alla caviglia eccellente.',
        '2026-03-06');
